--
-- PostgreSQL database dump
--

-- Dumped from database version 12.17 (Debian 12.17-1.pgdg120+1)
-- Dumped by pg_dump version 14.10 (Ubuntu 14.10-0ubuntu0.22.04.1)

SET statement_timeout = 0;
SET lock_timeout = 0;
SET idle_in_transaction_session_timeout = 0;
SET client_encoding = 'UTF8';
SET standard_conforming_strings = on;
SELECT pg_catalog.set_config('search_path', '', false);
SET check_function_bodies = false;
SET xmloption = content;
SET client_min_messages = warning;
SET row_security = off;

SET default_tablespace = '';

SET default_table_access_method = heap;

--
-- Name: auth_group; Type: TABLE; Schema: public; Owner: root
--

CREATE TABLE public.auth_group (
    id integer NOT NULL,
    name character varying(150) NOT NULL
);


ALTER TABLE public.auth_group OWNER TO root;

--
-- Name: auth_group_id_seq; Type: SEQUENCE; Schema: public; Owner: root
--

ALTER TABLE public.auth_group ALTER COLUMN id ADD GENERATED BY DEFAULT AS IDENTITY (
    SEQUENCE NAME public.auth_group_id_seq
    START WITH 1
    INCREMENT BY 1
    NO MINVALUE
    NO MAXVALUE
    CACHE 1
);


--
-- Name: auth_group_permissions; Type: TABLE; Schema: public; Owner: root
--

CREATE TABLE public.auth_group_permissions (
    id bigint NOT NULL,
    group_id integer NOT NULL,
    permission_id integer NOT NULL
);


ALTER TABLE public.auth_group_permissions OWNER TO root;

--
-- Name: auth_group_permissions_id_seq; Type: SEQUENCE; Schema: public; Owner: root
--

ALTER TABLE public.auth_group_permissions ALTER COLUMN id ADD GENERATED BY DEFAULT AS IDENTITY (
    SEQUENCE NAME public.auth_group_permissions_id_seq
    START WITH 1
    INCREMENT BY 1
    NO MINVALUE
    NO MAXVALUE
    CACHE 1
);


--
-- Name: auth_permission; Type: TABLE; Schema: public; Owner: root
--

CREATE TABLE public.auth_permission (
    id integer NOT NULL,
    name character varying(255) NOT NULL,
    content_type_id integer NOT NULL,
    codename character varying(100) NOT NULL
);


ALTER TABLE public.auth_permission OWNER TO root;

--
-- Name: auth_permission_id_seq; Type: SEQUENCE; Schema: public; Owner: root
--

ALTER TABLE public.auth_permission ALTER COLUMN id ADD GENERATED BY DEFAULT AS IDENTITY (
    SEQUENCE NAME public.auth_permission_id_seq
    START WITH 1
    INCREMENT BY 1
    NO MINVALUE
    NO MAXVALUE
    CACHE 1
);


--
-- Name: django_admin_log; Type: TABLE; Schema: public; Owner: root
--

CREATE TABLE public.django_admin_log (
    id integer NOT NULL,
    action_time timestamp with time zone NOT NULL,
    object_id text,
    object_repr character varying(200) NOT NULL,
    action_flag smallint NOT NULL,
    change_message text NOT NULL,
    content_type_id integer,
    user_id bigint NOT NULL,
    CONSTRAINT django_admin_log_action_flag_check CHECK ((action_flag >= 0))
);


ALTER TABLE public.django_admin_log OWNER TO root;

--
-- Name: django_admin_log_id_seq; Type: SEQUENCE; Schema: public; Owner: root
--

ALTER TABLE public.django_admin_log ALTER COLUMN id ADD GENERATED BY DEFAULT AS IDENTITY (
    SEQUENCE NAME public.django_admin_log_id_seq
    START WITH 1
    INCREMENT BY 1
    NO MINVALUE
    NO MAXVALUE
    CACHE 1
);


--
-- Name: django_content_type; Type: TABLE; Schema: public; Owner: root
--

CREATE TABLE public.django_content_type (
    id integer NOT NULL,
    app_label character varying(100) NOT NULL,
    model character varying(100) NOT NULL
);


ALTER TABLE public.django_content_type OWNER TO root;

--
-- Name: django_content_type_id_seq; Type: SEQUENCE; Schema: public; Owner: root
--

ALTER TABLE public.django_content_type ALTER COLUMN id ADD GENERATED BY DEFAULT AS IDENTITY (
    SEQUENCE NAME public.django_content_type_id_seq
    START WITH 1
    INCREMENT BY 1
    NO MINVALUE
    NO MAXVALUE
    CACHE 1
);


--
-- Name: django_migrations; Type: TABLE; Schema: public; Owner: root
--

CREATE TABLE public.django_migrations (
    id bigint NOT NULL,
    app character varying(255) NOT NULL,
    name character varying(255) NOT NULL,
    applied timestamp with time zone NOT NULL
);


ALTER TABLE public.django_migrations OWNER TO root;

--
-- Name: django_migrations_id_seq; Type: SEQUENCE; Schema: public; Owner: root
--

ALTER TABLE public.django_migrations ALTER COLUMN id ADD GENERATED BY DEFAULT AS IDENTITY (
    SEQUENCE NAME public.django_migrations_id_seq
    START WITH 1
    INCREMENT BY 1
    NO MINVALUE
    NO MAXVALUE
    CACHE 1
);


--
-- Name: django_session; Type: TABLE; Schema: public; Owner: root
--

CREATE TABLE public.django_session (
    session_key character varying(40) NOT NULL,
    session_data text NOT NULL,
    expire_date timestamp with time zone NOT NULL
);


ALTER TABLE public.django_session OWNER TO root;

--
-- Name: rent_rent; Type: TABLE; Schema: public; Owner: root
--

CREATE TABLE public.rent_rent (
    id bigint NOT NULL,
    date character varying(100) NOT NULL,
    chair_id bigint NOT NULL,
    user_id bigint NOT NULL
);


ALTER TABLE public.rent_rent OWNER TO root;

--
-- Name: rent_rent_id_seq; Type: SEQUENCE; Schema: public; Owner: root
--

ALTER TABLE public.rent_rent ALTER COLUMN id ADD GENERATED BY DEFAULT AS IDENTITY (
    SEQUENCE NAME public.rent_rent_id_seq
    START WITH 1
    INCREMENT BY 1
    NO MINVALUE
    NO MAXVALUE
    CACHE 1
);


--
-- Name: stations_chair; Type: TABLE; Schema: public; Owner: root
--

CREATE TABLE public.stations_chair (
    id bigint NOT NULL,
    slug character varying(100) NOT NULL,
    name character varying(100) NOT NULL,
    image character varying(100) NOT NULL,
    status character varying(100) NOT NULL,
    type character varying(100) NOT NULL,
    chair_number integer NOT NULL,
    train_id bigint NOT NULL
);


ALTER TABLE public.stations_chair OWNER TO root;

--
-- Name: stations_chair_id_seq; Type: SEQUENCE; Schema: public; Owner: root
--

ALTER TABLE public.stations_chair ALTER COLUMN id ADD GENERATED BY DEFAULT AS IDENTITY (
    SEQUENCE NAME public.stations_chair_id_seq
    START WITH 1
    INCREMENT BY 1
    NO MINVALUE
    NO MAXVALUE
    CACHE 1
);


--
-- Name: stations_station; Type: TABLE; Schema: public; Owner: root
--

CREATE TABLE public.stations_station (
    id bigint NOT NULL,
    slug character varying(100) NOT NULL,
    name character varying(100) NOT NULL,
    "desc" character varying(100) NOT NULL,
    image character varying(100) NOT NULL,
    status character varying(100) NOT NULL
);


ALTER TABLE public.stations_station OWNER TO root;

--
-- Name: stations_station_id_seq; Type: SEQUENCE; Schema: public; Owner: root
--

ALTER TABLE public.stations_station ALTER COLUMN id ADD GENERATED BY DEFAULT AS IDENTITY (
    SEQUENCE NAME public.stations_station_id_seq
    START WITH 1
    INCREMENT BY 1
    NO MINVALUE
    NO MAXVALUE
    CACHE 1
);


--
-- Name: stations_train; Type: TABLE; Schema: public; Owner: root
--

CREATE TABLE public.stations_train (
    id bigint NOT NULL,
    slug character varying(100) NOT NULL,
    name character varying(100) NOT NULL,
    "desc" character varying(100) NOT NULL,
    image character varying(100) NOT NULL,
    status character varying(100) NOT NULL
);


ALTER TABLE public.stations_train OWNER TO root;

--
-- Name: stations_train_id_seq; Type: SEQUENCE; Schema: public; Owner: root
--

ALTER TABLE public.stations_train ALTER COLUMN id ADD GENERATED BY DEFAULT AS IDENTITY (
    SEQUENCE NAME public.stations_train_id_seq
    START WITH 1
    INCREMENT BY 1
    NO MINVALUE
    NO MAXVALUE
    CACHE 1
);


--
-- Name: trips_trips; Type: TABLE; Schema: public; Owner: root
--

CREATE TABLE public.trips_trips (
    id bigint NOT NULL,
    date character varying(100) NOT NULL,
    "time" integer NOT NULL,
    arrival_station_id bigint NOT NULL,
    exit_station_id bigint NOT NULL,
    train_id bigint NOT NULL
);


ALTER TABLE public.trips_trips OWNER TO root;

--
-- Name: trips_trips_id_seq; Type: SEQUENCE; Schema: public; Owner: root
--

ALTER TABLE public.trips_trips ALTER COLUMN id ADD GENERATED BY DEFAULT AS IDENTITY (
    SEQUENCE NAME public.trips_trips_id_seq
    START WITH 1
    INCREMENT BY 1
    NO MINVALUE
    NO MAXVALUE
    CACHE 1
);


--
-- Name: users_profile; Type: TABLE; Schema: public; Owner: root
--

CREATE TABLE public.users_profile (
    id bigint NOT NULL,
    name character varying(100) NOT NULL,
    surnames character varying(100) NOT NULL,
    image character varying(100) NOT NULL,
    biography character varying(100) NOT NULL,
    user_id bigint NOT NULL
);


ALTER TABLE public.users_profile OWNER TO root;

--
-- Name: users_profile_id_seq; Type: SEQUENCE; Schema: public; Owner: root
--

ALTER TABLE public.users_profile ALTER COLUMN id ADD GENERATED BY DEFAULT AS IDENTITY (
    SEQUENCE NAME public.users_profile_id_seq
    START WITH 1
    INCREMENT BY 1
    NO MINVALUE
    NO MAXVALUE
    CACHE 1
);


--
-- Name: users_user; Type: TABLE; Schema: public; Owner: root
--

CREATE TABLE public.users_user (
    id bigint NOT NULL,
    password character varying(128) NOT NULL,
    last_login timestamp with time zone,
    is_superuser boolean NOT NULL,
    uuid character varying(36) NOT NULL,
    username character varying(30) NOT NULL,
    email character varying(254) NOT NULL,
    type character varying(10) NOT NULL
);


ALTER TABLE public.users_user OWNER TO root;

--
-- Name: users_user_groups; Type: TABLE; Schema: public; Owner: root
--

CREATE TABLE public.users_user_groups (
    id bigint NOT NULL,
    user_id bigint NOT NULL,
    group_id integer NOT NULL
);


ALTER TABLE public.users_user_groups OWNER TO root;

--
-- Name: users_user_groups_id_seq; Type: SEQUENCE; Schema: public; Owner: root
--

ALTER TABLE public.users_user_groups ALTER COLUMN id ADD GENERATED BY DEFAULT AS IDENTITY (
    SEQUENCE NAME public.users_user_groups_id_seq
    START WITH 1
    INCREMENT BY 1
    NO MINVALUE
    NO MAXVALUE
    CACHE 1
);


--
-- Name: users_user_id_seq; Type: SEQUENCE; Schema: public; Owner: root
--

ALTER TABLE public.users_user ALTER COLUMN id ADD GENERATED BY DEFAULT AS IDENTITY (
    SEQUENCE NAME public.users_user_id_seq
    START WITH 1
    INCREMENT BY 1
    NO MINVALUE
    NO MAXVALUE
    CACHE 1
);


--
-- Name: users_user_user_permissions; Type: TABLE; Schema: public; Owner: root
--

CREATE TABLE public.users_user_user_permissions (
    id bigint NOT NULL,
    user_id bigint NOT NULL,
    permission_id integer NOT NULL
);


ALTER TABLE public.users_user_user_permissions OWNER TO root;

--
-- Name: users_user_user_permissions_id_seq; Type: SEQUENCE; Schema: public; Owner: root
--

ALTER TABLE public.users_user_user_permissions ALTER COLUMN id ADD GENERATED BY DEFAULT AS IDENTITY (
    SEQUENCE NAME public.users_user_user_permissions_id_seq
    START WITH 1
    INCREMENT BY 1
    NO MINVALUE
    NO MAXVALUE
    CACHE 1
);


--
-- Data for Name: auth_group; Type: TABLE DATA; Schema: public; Owner: root
--

COPY public.auth_group (id, name) FROM stdin;
\.


--
-- Data for Name: auth_group_permissions; Type: TABLE DATA; Schema: public; Owner: root
--

COPY public.auth_group_permissions (id, group_id, permission_id) FROM stdin;
\.


--
-- Data for Name: auth_permission; Type: TABLE DATA; Schema: public; Owner: root
--

COPY public.auth_permission (id, name, content_type_id, codename) FROM stdin;
1	Can add user	1	add_user
2	Can change user	1	change_user
3	Can delete user	1	delete_user
4	Can view user	1	view_user
5	Can add profile	2	add_profile
6	Can change profile	2	change_profile
7	Can delete profile	2	delete_profile
8	Can view profile	2	view_profile
9	Can add log entry	3	add_logentry
10	Can change log entry	3	change_logentry
11	Can delete log entry	3	delete_logentry
12	Can view log entry	3	view_logentry
13	Can add permission	4	add_permission
14	Can change permission	4	change_permission
15	Can delete permission	4	delete_permission
16	Can view permission	4	view_permission
17	Can add group	5	add_group
18	Can change group	5	change_group
19	Can delete group	5	delete_group
20	Can view group	5	view_group
21	Can add content type	6	add_contenttype
22	Can change content type	6	change_contenttype
23	Can delete content type	6	delete_contenttype
24	Can view content type	6	view_contenttype
25	Can add session	7	add_session
26	Can change session	7	change_session
27	Can delete session	7	delete_session
28	Can view session	7	view_session
29	Can add station	8	add_station
30	Can change station	8	change_station
31	Can delete station	8	delete_station
32	Can view station	8	view_station
33	Can add train	9	add_train
34	Can change train	9	change_train
35	Can delete train	9	delete_train
36	Can view train	9	view_train
37	Can add chair	10	add_chair
38	Can change chair	10	change_chair
39	Can delete chair	10	delete_chair
40	Can view chair	10	view_chair
41	Can add rent	11	add_rent
42	Can change rent	11	change_rent
43	Can delete rent	11	delete_rent
44	Can view rent	11	view_rent
45	Can add trips	12	add_trips
46	Can change trips	12	change_trips
47	Can delete trips	12	delete_trips
48	Can view trips	12	view_trips
\.


--
-- Data for Name: django_admin_log; Type: TABLE DATA; Schema: public; Owner: root
--

COPY public.django_admin_log (id, action_time, object_id, object_repr, action_flag, change_message, content_type_id, user_id) FROM stdin;
\.


--
-- Data for Name: django_content_type; Type: TABLE DATA; Schema: public; Owner: root
--

COPY public.django_content_type (id, app_label, model) FROM stdin;
1	users	user
2	users	profile
3	admin	logentry
4	auth	permission
5	auth	group
6	contenttypes	contenttype
7	sessions	session
8	stations	station
9	stations	train
10	stations	chair
11	rent	rent
12	trips	trips
\.


--
-- Data for Name: django_migrations; Type: TABLE DATA; Schema: public; Owner: root
--

COPY public.django_migrations (id, app, name, applied) FROM stdin;
1	contenttypes	0001_initial	2024-01-25 18:51:05.22811+00
2	contenttypes	0002_remove_content_type_name	2024-01-25 18:51:05.254149+00
3	auth	0001_initial	2024-01-25 18:51:05.951225+00
4	auth	0002_alter_permission_name_max_length	2024-01-25 18:51:05.971381+00
5	auth	0003_alter_user_email_max_length	2024-01-25 18:51:05.998515+00
6	auth	0004_alter_user_username_opts	2024-01-25 18:51:06.035261+00
7	auth	0005_alter_user_last_login_null	2024-01-25 18:51:06.063994+00
8	auth	0006_require_contenttypes_0002	2024-01-25 18:51:06.076161+00
9	auth	0007_alter_validators_add_error_messages	2024-01-25 18:51:06.107032+00
10	auth	0008_alter_user_username_max_length	2024-01-25 18:51:06.144931+00
11	auth	0009_alter_user_last_name_max_length	2024-01-25 18:51:06.177883+00
12	auth	0010_alter_group_name_max_length	2024-01-25 18:51:06.213928+00
13	auth	0011_update_proxy_permissions	2024-01-25 18:51:06.240166+00
14	auth	0012_alter_user_first_name_max_length	2024-01-25 18:51:06.273256+00
15	users	0001_initial	2024-01-25 18:51:07.593496+00
16	admin	0001_initial	2024-01-25 18:51:07.793708+00
17	admin	0002_logentry_remove_auto_add	2024-01-25 18:51:07.817369+00
18	admin	0003_logentry_add_action_flag_choices	2024-01-25 18:51:07.845985+00
19	sessions	0001_initial	2024-01-25 18:51:08.068614+00
20	stations	0001_initial	2024-01-25 18:51:08.602753+00
21	rent	0001_initial	2024-02-05 17:01:14.864515+00
22	trips	0001_initial	2024-02-06 16:15:19.632307+00
\.


--
-- Data for Name: django_session; Type: TABLE DATA; Schema: public; Owner: root
--

COPY public.django_session (session_key, session_data, expire_date) FROM stdin;
\.


--
-- Data for Name: rent_rent; Type: TABLE DATA; Schema: public; Owner: root
--

COPY public.rent_rent (id, date, chair_id, user_id) FROM stdin;
11	2024-02-12	4	17
12	2024-02-12	1	17
\.


--
-- Data for Name: stations_chair; Type: TABLE DATA; Schema: public; Owner: root
--

COPY public.stations_chair (id, slug, name, image, status, type, chair_number, train_id) FROM stdin;
2	basica-1cg83x	basica	https://www.shutterstock.com/image-photo/passenger-train-empty-seats-wideangle-600nw-2300031257.jpg	activo	basico	1	1
3	silla-e9i8ud	silla	https://www.shutterstock.com/image-photo/passenger-train-empty-seats-wideangle-600nw-2300031257.jpg	activo	medio	1	1
5	silla-3bvazt	silla	https://www.shutterstock.com/image-photo/passenger-train-empty-seats-wideangle-600nw-2300031257.jpg	activo	premium	1	1
4	silla-doozzr	silla	https://www.shutterstock.com/image-photo/passenger-train-empty-seats-wideangle-600nw-2300031257.jpg	no activo	medio	1	1
1	nueva-silla-b1jrmh	nueva silla	imagen	no activo	premium	1	1
\.


--
-- Data for Name: stations_station; Type: TABLE DATA; Schema: public; Owner: root
--

COPY public.stations_station (id, slug, name, "desc", image, status) FROM stdin;
1	nueva-estacion-c4y7mw	nueva estacion	nueva	imagen	activo
2	valencia-a3zqeq	Valencia	desc2	asda	activo
\.


--
-- Data for Name: stations_train; Type: TABLE DATA; Schema: public; Owner: root
--

COPY public.stations_train (id, slug, name, "desc", image, status) FROM stdin;
1	nuevo-tren-jn3oy6	nuevo tren	nuevo	imagen	no activo
\.


--
-- Data for Name: trips_trips; Type: TABLE DATA; Schema: public; Owner: root
--

COPY public.trips_trips (id, date, "time", arrival_station_id, exit_station_id, train_id) FROM stdin;
2	10/10/2024	3	1	2	1
\.


--
-- Data for Name: users_profile; Type: TABLE DATA; Schema: public; Owner: root
--

COPY public.users_profile (id, name, surnames, image, biography, user_id) FROM stdin;
4	Joan		https://avatars.dicebear.com/api/adventurer/Joan.svg		17
5	carlos		https://avatars.dicebear.com/api/adventurer/carlos.svg		18
6	Manolo		https://avatars.dicebear.com/api/adventurer/Manolo.svg		19
\.


--
-- Data for Name: users_user; Type: TABLE DATA; Schema: public; Owner: root
--

COPY public.users_user (id, password, last_login, is_superuser, uuid, username, email, type) FROM stdin;
18	pbkdf2_sha256$720000$TMZy51rfSXkYkLOD3b7Vid$uOTsB2gwG+VC+U93weTA21DPtInsyzG0kpJ0heL2BFE=	\N	f	e1ea5759-4d0b-cd9b-6bc6-b647f3d3bbf0	carlos	carlos@gmail.com	client
17	pbkdf2_sha256$720000$eNpdqPSAvBoKvLxMG8tWSR$10a8hAjBYH2sNeipWs2m9pBSYBO5Vj73J3I0zWmHRQ0=	\N	f	9002a1af-b8cd-457e-e30a-b7323ca63b01	Joan	joan1smx@gmail.com	admin
19	pbkdf2_sha256$720000$9aWMyUnLwEenEBw5Fb4nuN$VOVqSFh839ReZzF+vbBwHpfuSK2+XCgjoustWhSET7M=	\N	f	eff8f0b0-a566-0732-3158-ae7b7a2ad2b7	Manolo	manolo@gmail.com	client
\.


--
-- Data for Name: users_user_groups; Type: TABLE DATA; Schema: public; Owner: root
--

COPY public.users_user_groups (id, user_id, group_id) FROM stdin;
\.


--
-- Data for Name: users_user_user_permissions; Type: TABLE DATA; Schema: public; Owner: root
--

COPY public.users_user_user_permissions (id, user_id, permission_id) FROM stdin;
\.


--
-- Name: auth_group_id_seq; Type: SEQUENCE SET; Schema: public; Owner: root
--

SELECT pg_catalog.setval('public.auth_group_id_seq', 1, false);


--
-- Name: auth_group_permissions_id_seq; Type: SEQUENCE SET; Schema: public; Owner: root
--

SELECT pg_catalog.setval('public.auth_group_permissions_id_seq', 1, false);


--
-- Name: auth_permission_id_seq; Type: SEQUENCE SET; Schema: public; Owner: root
--

SELECT pg_catalog.setval('public.auth_permission_id_seq', 48, true);


--
-- Name: django_admin_log_id_seq; Type: SEQUENCE SET; Schema: public; Owner: root
--

SELECT pg_catalog.setval('public.django_admin_log_id_seq', 1, false);


--
-- Name: django_content_type_id_seq; Type: SEQUENCE SET; Schema: public; Owner: root
--

SELECT pg_catalog.setval('public.django_content_type_id_seq', 12, true);


--
-- Name: django_migrations_id_seq; Type: SEQUENCE SET; Schema: public; Owner: root
--

SELECT pg_catalog.setval('public.django_migrations_id_seq', 22, true);


--
-- Name: rent_rent_id_seq; Type: SEQUENCE SET; Schema: public; Owner: root
--

SELECT pg_catalog.setval('public.rent_rent_id_seq', 12, true);


--
-- Name: stations_chair_id_seq; Type: SEQUENCE SET; Schema: public; Owner: root
--

SELECT pg_catalog.setval('public.stations_chair_id_seq', 5, true);


--
-- Name: stations_station_id_seq; Type: SEQUENCE SET; Schema: public; Owner: root
--

SELECT pg_catalog.setval('public.stations_station_id_seq', 2, true);


--
-- Name: stations_train_id_seq; Type: SEQUENCE SET; Schema: public; Owner: root
--

SELECT pg_catalog.setval('public.stations_train_id_seq', 1, true);


--
-- Name: trips_trips_id_seq; Type: SEQUENCE SET; Schema: public; Owner: root
--

SELECT pg_catalog.setval('public.trips_trips_id_seq', 2, true);


--
-- Name: users_profile_id_seq; Type: SEQUENCE SET; Schema: public; Owner: root
--

SELECT pg_catalog.setval('public.users_profile_id_seq', 6, true);


--
-- Name: users_user_groups_id_seq; Type: SEQUENCE SET; Schema: public; Owner: root
--

SELECT pg_catalog.setval('public.users_user_groups_id_seq', 1, false);


--
-- Name: users_user_id_seq; Type: SEQUENCE SET; Schema: public; Owner: root
--

SELECT pg_catalog.setval('public.users_user_id_seq', 19, true);


--
-- Name: users_user_user_permissions_id_seq; Type: SEQUENCE SET; Schema: public; Owner: root
--

SELECT pg_catalog.setval('public.users_user_user_permissions_id_seq', 1, false);


--
-- Name: auth_group auth_group_name_key; Type: CONSTRAINT; Schema: public; Owner: root
--

ALTER TABLE ONLY public.auth_group
    ADD CONSTRAINT auth_group_name_key UNIQUE (name);


--
-- Name: auth_group_permissions auth_group_permissions_group_id_permission_id_0cd325b0_uniq; Type: CONSTRAINT; Schema: public; Owner: root
--

ALTER TABLE ONLY public.auth_group_permissions
    ADD CONSTRAINT auth_group_permissions_group_id_permission_id_0cd325b0_uniq UNIQUE (group_id, permission_id);


--
-- Name: auth_group_permissions auth_group_permissions_pkey; Type: CONSTRAINT; Schema: public; Owner: root
--

ALTER TABLE ONLY public.auth_group_permissions
    ADD CONSTRAINT auth_group_permissions_pkey PRIMARY KEY (id);


--
-- Name: auth_group auth_group_pkey; Type: CONSTRAINT; Schema: public; Owner: root
--

ALTER TABLE ONLY public.auth_group
    ADD CONSTRAINT auth_group_pkey PRIMARY KEY (id);


--
-- Name: auth_permission auth_permission_content_type_id_codename_01ab375a_uniq; Type: CONSTRAINT; Schema: public; Owner: root
--

ALTER TABLE ONLY public.auth_permission
    ADD CONSTRAINT auth_permission_content_type_id_codename_01ab375a_uniq UNIQUE (content_type_id, codename);


--
-- Name: auth_permission auth_permission_pkey; Type: CONSTRAINT; Schema: public; Owner: root
--

ALTER TABLE ONLY public.auth_permission
    ADD CONSTRAINT auth_permission_pkey PRIMARY KEY (id);


--
-- Name: django_admin_log django_admin_log_pkey; Type: CONSTRAINT; Schema: public; Owner: root
--

ALTER TABLE ONLY public.django_admin_log
    ADD CONSTRAINT django_admin_log_pkey PRIMARY KEY (id);


--
-- Name: django_content_type django_content_type_app_label_model_76bd3d3b_uniq; Type: CONSTRAINT; Schema: public; Owner: root
--

ALTER TABLE ONLY public.django_content_type
    ADD CONSTRAINT django_content_type_app_label_model_76bd3d3b_uniq UNIQUE (app_label, model);


--
-- Name: django_content_type django_content_type_pkey; Type: CONSTRAINT; Schema: public; Owner: root
--

ALTER TABLE ONLY public.django_content_type
    ADD CONSTRAINT django_content_type_pkey PRIMARY KEY (id);


--
-- Name: django_migrations django_migrations_pkey; Type: CONSTRAINT; Schema: public; Owner: root
--

ALTER TABLE ONLY public.django_migrations
    ADD CONSTRAINT django_migrations_pkey PRIMARY KEY (id);


--
-- Name: django_session django_session_pkey; Type: CONSTRAINT; Schema: public; Owner: root
--

ALTER TABLE ONLY public.django_session
    ADD CONSTRAINT django_session_pkey PRIMARY KEY (session_key);


--
-- Name: rent_rent rent_rent_pkey; Type: CONSTRAINT; Schema: public; Owner: root
--

ALTER TABLE ONLY public.rent_rent
    ADD CONSTRAINT rent_rent_pkey PRIMARY KEY (id);


--
-- Name: stations_chair stations_chair_pkey; Type: CONSTRAINT; Schema: public; Owner: root
--

ALTER TABLE ONLY public.stations_chair
    ADD CONSTRAINT stations_chair_pkey PRIMARY KEY (id);


--
-- Name: stations_chair stations_chair_slug_key; Type: CONSTRAINT; Schema: public; Owner: root
--

ALTER TABLE ONLY public.stations_chair
    ADD CONSTRAINT stations_chair_slug_key UNIQUE (slug);


--
-- Name: stations_station stations_station_pkey; Type: CONSTRAINT; Schema: public; Owner: root
--

ALTER TABLE ONLY public.stations_station
    ADD CONSTRAINT stations_station_pkey PRIMARY KEY (id);


--
-- Name: stations_station stations_station_slug_key; Type: CONSTRAINT; Schema: public; Owner: root
--

ALTER TABLE ONLY public.stations_station
    ADD CONSTRAINT stations_station_slug_key UNIQUE (slug);


--
-- Name: stations_train stations_train_pkey; Type: CONSTRAINT; Schema: public; Owner: root
--

ALTER TABLE ONLY public.stations_train
    ADD CONSTRAINT stations_train_pkey PRIMARY KEY (id);


--
-- Name: stations_train stations_train_slug_key; Type: CONSTRAINT; Schema: public; Owner: root
--

ALTER TABLE ONLY public.stations_train
    ADD CONSTRAINT stations_train_slug_key UNIQUE (slug);


--
-- Name: trips_trips trips_trips_pkey; Type: CONSTRAINT; Schema: public; Owner: root
--

ALTER TABLE ONLY public.trips_trips
    ADD CONSTRAINT trips_trips_pkey PRIMARY KEY (id);


--
-- Name: users_profile users_profile_pkey; Type: CONSTRAINT; Schema: public; Owner: root
--

ALTER TABLE ONLY public.users_profile
    ADD CONSTRAINT users_profile_pkey PRIMARY KEY (id);


--
-- Name: users_user users_user_email_key; Type: CONSTRAINT; Schema: public; Owner: root
--

ALTER TABLE ONLY public.users_user
    ADD CONSTRAINT users_user_email_key UNIQUE (email);


--
-- Name: users_user_groups users_user_groups_pkey; Type: CONSTRAINT; Schema: public; Owner: root
--

ALTER TABLE ONLY public.users_user_groups
    ADD CONSTRAINT users_user_groups_pkey PRIMARY KEY (id);


--
-- Name: users_user_groups users_user_groups_user_id_group_id_b88eab82_uniq; Type: CONSTRAINT; Schema: public; Owner: root
--

ALTER TABLE ONLY public.users_user_groups
    ADD CONSTRAINT users_user_groups_user_id_group_id_b88eab82_uniq UNIQUE (user_id, group_id);


--
-- Name: users_user users_user_pkey; Type: CONSTRAINT; Schema: public; Owner: root
--

ALTER TABLE ONLY public.users_user
    ADD CONSTRAINT users_user_pkey PRIMARY KEY (id);


--
-- Name: users_user_user_permissions users_user_user_permissions_pkey; Type: CONSTRAINT; Schema: public; Owner: root
--

ALTER TABLE ONLY public.users_user_user_permissions
    ADD CONSTRAINT users_user_user_permissions_pkey PRIMARY KEY (id);


--
-- Name: users_user_user_permissions users_user_user_permissions_user_id_permission_id_43338c45_uniq; Type: CONSTRAINT; Schema: public; Owner: root
--

ALTER TABLE ONLY public.users_user_user_permissions
    ADD CONSTRAINT users_user_user_permissions_user_id_permission_id_43338c45_uniq UNIQUE (user_id, permission_id);


--
-- Name: users_user users_user_username_key; Type: CONSTRAINT; Schema: public; Owner: root
--

ALTER TABLE ONLY public.users_user
    ADD CONSTRAINT users_user_username_key UNIQUE (username);


--
-- Name: users_user users_user_uuid_key; Type: CONSTRAINT; Schema: public; Owner: root
--

ALTER TABLE ONLY public.users_user
    ADD CONSTRAINT users_user_uuid_key UNIQUE (uuid);


--
-- Name: auth_group_name_a6ea08ec_like; Type: INDEX; Schema: public; Owner: root
--

CREATE INDEX auth_group_name_a6ea08ec_like ON public.auth_group USING btree (name varchar_pattern_ops);


--
-- Name: auth_group_permissions_group_id_b120cbf9; Type: INDEX; Schema: public; Owner: root
--

CREATE INDEX auth_group_permissions_group_id_b120cbf9 ON public.auth_group_permissions USING btree (group_id);


--
-- Name: auth_group_permissions_permission_id_84c5c92e; Type: INDEX; Schema: public; Owner: root
--

CREATE INDEX auth_group_permissions_permission_id_84c5c92e ON public.auth_group_permissions USING btree (permission_id);


--
-- Name: auth_permission_content_type_id_2f476e4b; Type: INDEX; Schema: public; Owner: root
--

CREATE INDEX auth_permission_content_type_id_2f476e4b ON public.auth_permission USING btree (content_type_id);


--
-- Name: django_admin_log_content_type_id_c4bce8eb; Type: INDEX; Schema: public; Owner: root
--

CREATE INDEX django_admin_log_content_type_id_c4bce8eb ON public.django_admin_log USING btree (content_type_id);


--
-- Name: django_admin_log_user_id_c564eba6; Type: INDEX; Schema: public; Owner: root
--

CREATE INDEX django_admin_log_user_id_c564eba6 ON public.django_admin_log USING btree (user_id);


--
-- Name: django_session_expire_date_a5c62663; Type: INDEX; Schema: public; Owner: root
--

CREATE INDEX django_session_expire_date_a5c62663 ON public.django_session USING btree (expire_date);


--
-- Name: django_session_session_key_c0390e0f_like; Type: INDEX; Schema: public; Owner: root
--

CREATE INDEX django_session_session_key_c0390e0f_like ON public.django_session USING btree (session_key varchar_pattern_ops);


--
-- Name: rent_rent_chair_id_a624ecda; Type: INDEX; Schema: public; Owner: root
--

CREATE INDEX rent_rent_chair_id_a624ecda ON public.rent_rent USING btree (chair_id);


--
-- Name: rent_rent_user_id_07f92b1b; Type: INDEX; Schema: public; Owner: root
--

CREATE INDEX rent_rent_user_id_07f92b1b ON public.rent_rent USING btree (user_id);


--
-- Name: stations_chair_slug_1e8843ff_like; Type: INDEX; Schema: public; Owner: root
--

CREATE INDEX stations_chair_slug_1e8843ff_like ON public.stations_chair USING btree (slug varchar_pattern_ops);


--
-- Name: stations_chair_train_id_c33da555; Type: INDEX; Schema: public; Owner: root
--

CREATE INDEX stations_chair_train_id_c33da555 ON public.stations_chair USING btree (train_id);


--
-- Name: stations_station_slug_05a1011b_like; Type: INDEX; Schema: public; Owner: root
--

CREATE INDEX stations_station_slug_05a1011b_like ON public.stations_station USING btree (slug varchar_pattern_ops);


--
-- Name: stations_train_slug_d39d4777_like; Type: INDEX; Schema: public; Owner: root
--

CREATE INDEX stations_train_slug_d39d4777_like ON public.stations_train USING btree (slug varchar_pattern_ops);


--
-- Name: trips_trips_arrival_station_id_3819a120; Type: INDEX; Schema: public; Owner: root
--

CREATE INDEX trips_trips_arrival_station_id_3819a120 ON public.trips_trips USING btree (arrival_station_id);


--
-- Name: trips_trips_exit_station_id_c0992944; Type: INDEX; Schema: public; Owner: root
--

CREATE INDEX trips_trips_exit_station_id_c0992944 ON public.trips_trips USING btree (exit_station_id);


--
-- Name: trips_trips_train_id_d557c12e; Type: INDEX; Schema: public; Owner: root
--

CREATE INDEX trips_trips_train_id_d557c12e ON public.trips_trips USING btree (train_id);


--
-- Name: users_profile_user_id_2112e78d; Type: INDEX; Schema: public; Owner: root
--

CREATE INDEX users_profile_user_id_2112e78d ON public.users_profile USING btree (user_id);


--
-- Name: users_user_email_243f6e77_like; Type: INDEX; Schema: public; Owner: root
--

CREATE INDEX users_user_email_243f6e77_like ON public.users_user USING btree (email varchar_pattern_ops);


--
-- Name: users_user_groups_group_id_9afc8d0e; Type: INDEX; Schema: public; Owner: root
--

CREATE INDEX users_user_groups_group_id_9afc8d0e ON public.users_user_groups USING btree (group_id);


--
-- Name: users_user_groups_user_id_5f6f5a90; Type: INDEX; Schema: public; Owner: root
--

CREATE INDEX users_user_groups_user_id_5f6f5a90 ON public.users_user_groups USING btree (user_id);


--
-- Name: users_user_user_permissions_permission_id_0b93982e; Type: INDEX; Schema: public; Owner: root
--

CREATE INDEX users_user_user_permissions_permission_id_0b93982e ON public.users_user_user_permissions USING btree (permission_id);


--
-- Name: users_user_user_permissions_user_id_20aca447; Type: INDEX; Schema: public; Owner: root
--

CREATE INDEX users_user_user_permissions_user_id_20aca447 ON public.users_user_user_permissions USING btree (user_id);


--
-- Name: users_user_username_06e46fe6_like; Type: INDEX; Schema: public; Owner: root
--

CREATE INDEX users_user_username_06e46fe6_like ON public.users_user USING btree (username varchar_pattern_ops);


--
-- Name: users_user_uuid_6fe513d7_like; Type: INDEX; Schema: public; Owner: root
--

CREATE INDEX users_user_uuid_6fe513d7_like ON public.users_user USING btree (uuid varchar_pattern_ops);


--
-- Name: auth_group_permissions auth_group_permissio_permission_id_84c5c92e_fk_auth_perm; Type: FK CONSTRAINT; Schema: public; Owner: root
--

ALTER TABLE ONLY public.auth_group_permissions
    ADD CONSTRAINT auth_group_permissio_permission_id_84c5c92e_fk_auth_perm FOREIGN KEY (permission_id) REFERENCES public.auth_permission(id) DEFERRABLE INITIALLY DEFERRED;


--
-- Name: auth_group_permissions auth_group_permissions_group_id_b120cbf9_fk_auth_group_id; Type: FK CONSTRAINT; Schema: public; Owner: root
--

ALTER TABLE ONLY public.auth_group_permissions
    ADD CONSTRAINT auth_group_permissions_group_id_b120cbf9_fk_auth_group_id FOREIGN KEY (group_id) REFERENCES public.auth_group(id) DEFERRABLE INITIALLY DEFERRED;


--
-- Name: auth_permission auth_permission_content_type_id_2f476e4b_fk_django_co; Type: FK CONSTRAINT; Schema: public; Owner: root
--

ALTER TABLE ONLY public.auth_permission
    ADD CONSTRAINT auth_permission_content_type_id_2f476e4b_fk_django_co FOREIGN KEY (content_type_id) REFERENCES public.django_content_type(id) DEFERRABLE INITIALLY DEFERRED;


--
-- Name: django_admin_log django_admin_log_content_type_id_c4bce8eb_fk_django_co; Type: FK CONSTRAINT; Schema: public; Owner: root
--

ALTER TABLE ONLY public.django_admin_log
    ADD CONSTRAINT django_admin_log_content_type_id_c4bce8eb_fk_django_co FOREIGN KEY (content_type_id) REFERENCES public.django_content_type(id) DEFERRABLE INITIALLY DEFERRED;


--
-- Name: django_admin_log django_admin_log_user_id_c564eba6_fk_users_user_id; Type: FK CONSTRAINT; Schema: public; Owner: root
--

ALTER TABLE ONLY public.django_admin_log
    ADD CONSTRAINT django_admin_log_user_id_c564eba6_fk_users_user_id FOREIGN KEY (user_id) REFERENCES public.users_user(id) DEFERRABLE INITIALLY DEFERRED;


--
-- Name: rent_rent rent_rent_chair_id_a624ecda_fk_stations_chair_id; Type: FK CONSTRAINT; Schema: public; Owner: root
--

ALTER TABLE ONLY public.rent_rent
    ADD CONSTRAINT rent_rent_chair_id_a624ecda_fk_stations_chair_id FOREIGN KEY (chair_id) REFERENCES public.stations_chair(id) DEFERRABLE INITIALLY DEFERRED;


--
-- Name: rent_rent rent_rent_user_id_07f92b1b_fk_users_user_id; Type: FK CONSTRAINT; Schema: public; Owner: root
--

ALTER TABLE ONLY public.rent_rent
    ADD CONSTRAINT rent_rent_user_id_07f92b1b_fk_users_user_id FOREIGN KEY (user_id) REFERENCES public.users_user(id) DEFERRABLE INITIALLY DEFERRED;


--
-- Name: stations_chair stations_chair_train_id_c33da555_fk_stations_train_id; Type: FK CONSTRAINT; Schema: public; Owner: root
--

ALTER TABLE ONLY public.stations_chair
    ADD CONSTRAINT stations_chair_train_id_c33da555_fk_stations_train_id FOREIGN KEY (train_id) REFERENCES public.stations_train(id) DEFERRABLE INITIALLY DEFERRED;


--
-- Name: trips_trips trips_trips_arrival_station_id_3819a120_fk_stations_station_id; Type: FK CONSTRAINT; Schema: public; Owner: root
--

ALTER TABLE ONLY public.trips_trips
    ADD CONSTRAINT trips_trips_arrival_station_id_3819a120_fk_stations_station_id FOREIGN KEY (arrival_station_id) REFERENCES public.stations_station(id) DEFERRABLE INITIALLY DEFERRED;


--
-- Name: trips_trips trips_trips_exit_station_id_c0992944_fk_stations_station_id; Type: FK CONSTRAINT; Schema: public; Owner: root
--

ALTER TABLE ONLY public.trips_trips
    ADD CONSTRAINT trips_trips_exit_station_id_c0992944_fk_stations_station_id FOREIGN KEY (exit_station_id) REFERENCES public.stations_station(id) DEFERRABLE INITIALLY DEFERRED;


--
-- Name: trips_trips trips_trips_train_id_d557c12e_fk_stations_train_id; Type: FK CONSTRAINT; Schema: public; Owner: root
--

ALTER TABLE ONLY public.trips_trips
    ADD CONSTRAINT trips_trips_train_id_d557c12e_fk_stations_train_id FOREIGN KEY (train_id) REFERENCES public.stations_train(id) DEFERRABLE INITIALLY DEFERRED;


--
-- Name: users_profile users_profile_user_id_2112e78d_fk_users_user_id; Type: FK CONSTRAINT; Schema: public; Owner: root
--

ALTER TABLE ONLY public.users_profile
    ADD CONSTRAINT users_profile_user_id_2112e78d_fk_users_user_id FOREIGN KEY (user_id) REFERENCES public.users_user(id) DEFERRABLE INITIALLY DEFERRED;


--
-- Name: users_user_groups users_user_groups_group_id_9afc8d0e_fk_auth_group_id; Type: FK CONSTRAINT; Schema: public; Owner: root
--

ALTER TABLE ONLY public.users_user_groups
    ADD CONSTRAINT users_user_groups_group_id_9afc8d0e_fk_auth_group_id FOREIGN KEY (group_id) REFERENCES public.auth_group(id) DEFERRABLE INITIALLY DEFERRED;


--
-- Name: users_user_groups users_user_groups_user_id_5f6f5a90_fk_users_user_id; Type: FK CONSTRAINT; Schema: public; Owner: root
--

ALTER TABLE ONLY public.users_user_groups
    ADD CONSTRAINT users_user_groups_user_id_5f6f5a90_fk_users_user_id FOREIGN KEY (user_id) REFERENCES public.users_user(id) DEFERRABLE INITIALLY DEFERRED;


--
-- Name: users_user_user_permissions users_user_user_perm_permission_id_0b93982e_fk_auth_perm; Type: FK CONSTRAINT; Schema: public; Owner: root
--

ALTER TABLE ONLY public.users_user_user_permissions
    ADD CONSTRAINT users_user_user_perm_permission_id_0b93982e_fk_auth_perm FOREIGN KEY (permission_id) REFERENCES public.auth_permission(id) DEFERRABLE INITIALLY DEFERRED;


--
-- Name: users_user_user_permissions users_user_user_permissions_user_id_20aca447_fk_users_user_id; Type: FK CONSTRAINT; Schema: public; Owner: root
--

ALTER TABLE ONLY public.users_user_user_permissions
    ADD CONSTRAINT users_user_user_permissions_user_id_20aca447_fk_users_user_id FOREIGN KEY (user_id) REFERENCES public.users_user(id) DEFERRABLE INITIALLY DEFERRED;


--
-- PostgreSQL database dump complete
--

